,F1_415nm,F2_445nm,F3_480nm,F4_515nm,F5_555nm,F6_590nm,F7_630nm,F8_680nm,Clear,NIR,LED,Timestamp (s)
0,5525,5443,9663,2598,3146,1885,7666,568,4892,9804,460,0.0
1,1195,9171,5127,7507,2566,2487,325,5704,7605,8204,470,0.2999999523162842
2,348,7133,1618,6654,3468,1415,8010,1313,7474,7121,530,0.5999999046325684
3,7413,8483,9957,5573,2266,3790,7790,4141,6550,6399,940,0.9000000953674316
4,9475,2366,3198,4766,6572,5179,5333,2161,6474,8585,580,1.2000000476837158
5,9592,3324,604,2167,7471,7991,3683,5807,2885,8146,600,1.5
6,3602,2717,6784,5295,8410,320,1724,7860,8307,8933,633,1.7999999523162842
7,8214,9363,2946,6466,3479,1368,9729,7389,2486,6724,670,2.0999999046325684
8,3960,2116,1214,8767,5063,4573,2139,8989,7641,3150,415,2.4000000953674316
9,2802,5683,5353,4306,4257,479,2318,4312,7271,317,460,2.700000047683716
10,972,1558,5411,816,4669,200,2980,5246,7028,6746,470,3.0
11,5942,5448,5484,9682,4510,1726,2200,9004,8930,8039,530,3.299999952316284
12,8675,3327,4471,107,2296,6555,7681,8523,7689,9829,940,3.5999999046325684
13,5747,6311,197,8297,6292,2707,3766,1240,1404,5868,580,3.9000000953674316
14,9039,6596,4619,5097,1627,4411,4904,7700,9744,915,600,4.200000047683716
15,7574,7638,1656,2326,6876,4305,1428,2537,9592,2285,633,4.5
16,4755,7305,6293,3829,5807,3615,9131,4165,8541,5060,670,4.799999952316284
17,1705,164,5637,6353,868,5404,4495,8033,8578,3039,415,5.099999904632568
18,1600,3770,3410,4487,1441,1104,5748,6451,2186,9603,460,5.400000095367432
19,929,6249,4294,3082,8772,4302,2430,9250,3404,9001,470,5.700000047683716
20,288,5591,5685,9144,8816,5543,9505,656,798,5098,530,6.0
21,892,4773,3436,7778,2104,9132,1294,4082,6222,101,940,6.299999952316284
22,4767,3809,7338,3380,3618,1394,4891,7411,5783,798,580,6.599999904632568
23,5181,6491,5539,1796,2406,2883,8656,5041,7611,9985,600,6.900000095367432
24,9426,7437,6597,8867,7008,8777,6803,3249,2191,1691,633,7.200000047683716
25,9750,789,4882,6483,3299,664,6633,9150,3553,1098,670,7.5
26,7217,7572,4886,9363,1791,1017,3269,1974,2750,1037,415,7.799999952316284
27,5148,5336,1654,7686,1630,1392,702,5764,3300,6042,460,8.099999904632568
28,5439,9739,8110,7126,6728,4945,3901,3417,3152,5927,470,8.400000095367432
29,4552,8051,4115,2604,6312,3075,4903,7051,7248,6380,530,8.700000047683716
30,9495,1726,3859,453,2364,7410,5199,8064,6966,8557,940,9.0
31,4198,1744,4286,3448,3176,6748,6930,9132,6052,7604,580,9.299999952316284
32,1837,6908,6277,965,8480,9743,5420,8857,3148,7631,600,9.599999904632568
33,192,311,6405,5031,6473,1498,5979,9989,7268,8427,633,9.900000095367432
34,5808,6287,3390,8526,8546,4762,1128,197,361,2415,670,10.200000047683716
35,4835,9087,6796,8779,9020,6125,2035,6504,4097,3388,415,10.5
36,2514,4209,3878,4873,2285,4004,7054,6745,5808,5042,460,10.799999952316284
37,4840,5652,2189,9504,4417,6682,9407,9966,3725,6397,470,11.099999904632568
38,3179,5098,8233,1326,7630,9506,5405,8778,9869,7180,530,11.400000095367432
39,7472,7272,6063,4906,8247,4255,6151,304,8060,8046,940,11.700000047683716
40,2168,757,7508,5803,7025,1141,9082,928,8421,9232,580,12.0
41,3777,8102,4262,1865,1938,2178,7230,7419,9759,5600,600,12.299999952316284
42,7123,3994,9025,6663,8789,4472,2914,5950,3633,3210,633,12.599999904632568
43,9562,531,2065,1915,9211,2698,3943,4391,432,6193,670,12.900000095367432
44,9651,719,294,1525,6726,1250,5994,5278,5059,8416,415,13.200000047683716
45,631,3262,2257,3836,5127,9209,4770,6349,5784,9990,460,13.5
46,5917,8368,8519,3636,9059,3908,6880,4657,5899,4694,470,13.799999952316284
47,1540,4354,2610,7092,6212,5187,8306,5463,4751,3002,530,14.099999904632568
48,1621,241,8261,102,5904,4580,2858,913,5903,1815,940,14.400000095367432
49,8918,7242,2338,2381,8703,8490,1468,9805,3032,6022,580,14.700000047683716
50,4626,6993,544,7199,3228,1424,3814,5050,8467,9789,600,15.0
51,3497,6873,2482,2499,8795,9519,5504,1402,8199,1975,633,15.299999952316284
52,2372,6123,4483,9279,4384,1240,8997,222,3677,6050,670,15.599999904632568
53,1036,5016,5168,5502,7034,2392,7702,5272,2962,2418,415,15.900000095367432
54,7663,1682,5732,6792,4944,5800,2053,589,2158,3119,460,16.200000047683716
55,2547,348,9874,5015,9914,474,633,9768,7892,3645,470,16.5
56,8544,9163,8583,5524,998,8439,3427,1602,4897,3549,530,16.799999952316284
57,2009,7697,3475,665,126,6564,8189,3649,8582,5466,940,17.09999990463257
58,8146,9100,1579,3005,9052,7545,9845,610,9859,2543,580,17.40000009536743
59,2910,1337,7071,9700,9367,1730,1353,8047,2869,8409,600,17.700000047683716
60,7591,3274,6469,5696,526,7436,1312,8414,2786,4913,633,18.0
61,8113,8002,1101,2814,2186,564,2977,696,4043,3278,670,18.299999952316284
62,5575,3165,9728,396,5103,4786,6334,5609,9605,8365,415,18.59999990463257
63,7961,3945,4515,1526,8037,3478,4619,1993,3510,2435,460,18.90000009536743
64,9067,3936,2996,3604,8674,3819,7866,5361,3087,4556,470,19.200000047683716
65,5479,6931,4207,8957,200,2622,3024,2619,2694,9960,530,19.5
66,7511,2543,5288,7688,3965,6594,1831,2023,1862,4152,940,19.799999952316284
67,8558,5567,1334,1996,6996,912,6265,2800,8057,5393,580,20.09999990463257
68,5150,2867,6885,7936,5917,5859,8259,7473,5436,5205,600,20.40000009536743
69,2077,570,465,5866,7063,9197,9643,2267,2416,4685,633,20.700000047683716
70,2731,8728,2628,9894,5820,6194,8811,8096,475,1329,670,21.0
71,9157,5065,2078,3197,9356,2002,4975,2351,3006,8545,415,21.299999952316284
72,1293,5112,586,5364,6448,8046,3926,206,689,3155,460,21.59999990463257
73,3959,6538,5101,6691,5441,7859,1590,1736,4609,5812,470,21.90000009536743
74,1864,9016,7423,598,8853,1472,5747,9054,9638,2098,530,22.200000047683716
75,6365,2485,4990,772,3284,587,3334,3343,7444,3009,940,22.5
76,6446,1097,9997,8620,1015,7233,8376,2543,5603,2265,580,22.799999952316284
77,1335,564,9027,872,192,7962,5017,8667,5573,3331,600,23.09999990463257
78,8950,8815,9960,8301,6506,8880,4317,282,9715,5535,633,23.40000009536743
79,4344,5949,4334,5290,4817,5946,1014,5996,1438,3904,670,23.700000047683716
80,1449,5326,5018,9425,3206,6165,2481,1863,6442,3615,415,24.0
81,8650,4528,4245,2183,5790,4500,956,6754,9283,123,460,24.299999952316284
82,8855,3534,3165,6128,6111,1489,9507,1798,3686,3570,470,24.59999990463257
83,2521,4281,7781,6735,4534,222,548,5269,8340,5649,530,24.90000009536743
84,1124,1360,4911,6564,1484,9126,7679,315,418,1407,940,25.200000047683716
85,6968,5436,7276,5625,4632,1625,933,6542,2222,836,580,25.5
86,2884,5960,6780,6079,740,7380,1464,596,7044,1036,600,25.799999952316284
87,4200,6684,9067,4736,6160,7743,1919,5651,3908,3032,633,26.09999990463257
88,3652,5091,2144,8206,7702,2855,8211,6244,3215,1714,670,26.40000009536743
89,3997,9562,9910,6782,1500,1202,1483,4978,694,4506,415,26.700000047683716
90,4011,423,8380,8875,2656,2326,8333,7659,5034,4093,460,27.0
91,8514,6490,2843,3288,8736,5615,5221,8785,5575,2242,470,27.299999952316284
92,1256,8658,9017,5398,315,4538,4760,1604,5863,2976,530,27.59999990463257
93,7915,2271,4556,8060,9218,3616,7917,7287,1670,287,940,27.90000009536743
94,2190,6009,5514,3364,8649,8863,9174,6548,7512,4170,580,28.200000047683716
95,1038,7111,1148,8588,3573,5558,3558,6416,9833,1878,600,28.5
96,4491,2121,8389,9732,1383,4868,8938,9712,3167,1518,633,28.799999952316284
97,6861,517,4636,8220,6487,4862,628,6551,4607,4267,670,29.09999990463257
98,7405,7778,7997,9048,1167,8726,2110,9878,2328,1139,415,29.40000009536743
99,2529,8171,3760,8141,6334,4100,7071,8411,5912,5512,460,29.700000047683716
100,3588,8006,1027,2901,3365,672,1212,7151,1735,2349,470,30.0
101,9153,1713,6650,548,1022,2977,9970,2852,2645,192,530,30.299999952316284
102,7813,7487,7561,7071,3610,8904,4467,5083,6489,9437,940,30.59999990463257
103,8280,2832,1297,4487,875,304,7691,9448,6826,2390,580,30.90000009536743
104,7554,9785,8791,7620,2964,1374,8033,6409,5110,7686,600,31.200000047683716
105,5230,9537,9874,9376,6906,344,5332,3247,1966,2491,633,31.5
106,2777,5784,7242,684,4664,3347,9390,5111,1438,6955,670,31.799999952316284
107,6884,5585,1028,1622,9728,9408,514,2554,1204,8409,415,32.09999990463257
108,7110,8223,4090,4527,3034,184,7831,2076,9596,4836,460,32.40000009536743
109,8687,8444,7196,537,8445,7615,9644,8243,278,1622,470,32.700000047683716
110,9948,9179,3615,4823,1309,303,605,7756,7721,7430,530,33.0
111,5916,2261,3104,7602,7643,5383,4912,7180,9251,2072,940,33.299999952316284
112,8848,9962,7585,7715,1166,9578,1776,4299,8140,9579,580,33.59999990463257
113,7495,1600,4920,3156,3339,3637,6968,9589,2221,3634,600,33.90000009536743
114,2497,1433,256,5612,8522,6630,6962,9915,2936,7792,633,34.200000047683716
115,5651,4922,8130,6031,9229,4423,1016,193,5015,5202,670,34.5
116,4750,8147,7569,525,9518,8600,1228,2259,723,8487,415,34.799999952316284
117,9347,8807,7962,7062,1675,489,2720,7822,4055,9695,460,35.09999990463257
118,7955,3624,9008,3904,7390,1618,7931,3089,4292,8384,470,35.40000009536743
119,5321,5769,280,3907,4724,3989,4352,7295,5226,6916,530,35.700000047683716
120,3893,6981,8278,1366,674,7697,395,4403,5735,3359,940,36.0
121,1720,9601,1073,201,8059,4890,2501,8059,993,5537,580,36.299999952316284
122,1427,1335,2275,4720,8511,2241,3613,274,5719,8545,600,36.59999990463257
123,830,9398,3581,8792,408,4422,9775,1628,6408,8351,633,36.90000009536743
124,2525,4567,4991,1029,6213,9044,5072,5946,1517,8828,670,37.200000047683716
125,1955,3024,4674,3978,2833,6670,9252,2166,7008,3754,415,37.5
126,2181,7582,2908,5956,6545,9498,4915,3352,8235,4773,460,37.799999952316284
127,486,5382,9360,3159,7017,4648,3975,9548,1346,6282,470,38.09999990463257
128,2720,3071,4960,194,9862,3589,4729,8449,2330,337,530,38.40000009536743
129,1419,4722,2223,6383,7049,1507,4508,8210,5795,8939,940,38.700000047683716
130,8298,4994,7422,4698,2523,6897,6785,3084,3341,5487,580,39.0
131,2922,1791,5978,2719,924,134,9114,4287,9794,8794,600,39.299999952316284
132,1863,2399,9717,3379,6194,5210,4787,4159,4862,4592,633,39.59999990463257
133,9189,3818,9995,1198,7249,1257,7208,6867,9400,998,670,39.90000009536743
134,2734,8423,5708,7347,6618,9879,6511,1324,565,4185,415,40.200000047683716
135,8843,3366,6810,3358,2797,2996,822,8744,2508,3642,460,40.5
136,9086,990,4740,4142,1118,9735,1373,1985,5865,4830,470,40.799999952316284
137,760,9624,2085,6867,4837,4133,1869,5142,3393,8382,530,41.09999990463257
138,2494,1354,7402,1316,3012,157,1744,8092,155,5026,940,41.40000009536743
139,1351,1945,9522,3213,2101,7423,5641,9316,8237,4499,580,41.700000047683716
140,5310,629,3402,6064,6645,1736,8348,848,6339,6632,600,42.0
141,8093,5027,8637,462,3978,2232,3520,5078,909,9379,633,42.299999952316284
142,5500,9758,7879,2083,6263,657,5924,714,3569,984,670,42.59999990463257
143,9636,9370,8073,6357,6050,7196,8818,5111,6137,933,415,42.90000009536743
144,1373,4781,5034,4232,9435,4355,2782,6522,7090,374,460,43.200000047683716
145,4731,4031,4781,8607,7480,2654,7236,2461,3160,3439,470,43.5
146,8339,7163,7562,9716,373,6406,3922,2152,7493,865,530,43.799999952316284
147,8487,3747,9754,7538,1621,7847,8460,9454,3888,3885,940,44.09999990463257
148,1069,5307,3955,1268,6183,4962,8717,9043,9713,6118,580,44.40000009536743
149,5187,3515,3018,2456,2748,5896,9841,5317,6403,6056,600,44.700000047683716
150,4926,4799,8303,6464,9154,149,7214,8378,4984,7956,633,45.0
151,7534,2295,9300,8116,6222,3693,5088,9284,618,1954,670,45.299999952316284
152,1842,171,5467,4113,4444,4400,6557,4042,4493,1135,415,45.59999990463257
153,5505,6931,4997,7236,7760,4015,6638,1720,8316,8261,460,45.90000009536743
154,2790,6451,2739,7988,5927,5680,4175,2765,6011,9754,470,46.200000047683716
155,5353,1897,7915,4117,7993,6492,7366,5596,7885,6376,530,46.5
156,2375,2707,960,2938,3175,3020,4449,9322,8772,4186,940,46.799999952316284
157,4778,424,6559,988,4686,792,4778,3063,4599,8848,580,47.09999990463257
158,8824,9187,5662,5443,5570,5146,8345,8071,6086,9214,600,47.40000009536743
159,9884,9606,1560,1399,5669,9909,5425,5084,758,1152,633,47.700000047683716
160,5108,4255,9572,6599,9459,8355,4608,999,4389,9359,670,48.0
161,9338,5157,2867,6573,2564,3729,6202,3314,5781,8402,415,48.299999952316284
162,882,654,5132,3684,4600,7670,2906,2421,6139,1349,460,48.59999990463257
163,9941,605,4755,5667,1002,5976,6600,8279,3273,9731,470,48.90000009536743
164,8862,9488,8443,7828,2263,5335,6656,1250,4120,8575,530,49.200000047683716
165,337,7659,8221,8848,9634,7182,4670,3796,5795,4300,940,49.5
166,9417,1943,5097,7496,4904,4373,8955,5485,8617,1786,580,49.799999952316284
167,6791,4560,2359,5015,9470,209,6308,2794,3782,810,600,50.09999990463257
168,7637,2472,8855,3719,7036,2998,6145,4264,6889,9274,633,50.40000009536743
169,693,7666,1733,983,4244,702,5061,9817,1563,8602,670,50.700000047683716
170,8838,5903,5149,5838,3517,2753,4324,7783,6813,8743,415,51.0
171,3317,169,8932,9986,4331,1570,3889,2712,655,5656,460,51.299999952316284
172,205,3478,7062,4745,1457,7949,7076,6842,1266,6412,470,51.59999990463257
173,1360,3688,1123,443,7735,8519,1506,164,1852,7393,530,51.90000009536743
174,6421,2050,5119,4293,3328,5509,6445,1862,4594,3781,940,52.200000047683716
175,1004,6498,9859,7803,7648,5294,251,2101,202,3149,580,52.5
176,1218,2783,7780,2651,3603,5005,4055,9193,3676,4239,600,52.799999952316284
177,4167,5808,6195,3253,5506,5492,7880,897,8189,1768,633,53.09999990463257
178,5669,5430,2165,164,9628,148,652,1107,205,6410,670,53.40000009536743
179,2926,9678,7571,7168,4420,4733,7162,9958,9379,6449,415,53.700000047683716
180,4434,5046,1684,3127,9672,5872,2375,3468,2774,747,460,54.0
181,4655,7516,5254,7624,8477,7703,9649,2137,1547,7773,470,54.299999952316284
182,9137,8770,4679,4929,1494,9825,9996,8363,2077,7968,530,54.59999990463257
183,6258,1108,6087,6478,3197,7533,4923,7264,4625,1505,940,54.90000009536743
184,6860,9281,6611,1995,9626,1655,1672,9379,9494,8512,580,55.200000047683716
185,8319,3722,8437,4277,9228,5031,1685,3199,9427,4541,600,55.5
186,3958,7274,7063,8533,9202,7111,3090,531,6599,7782,633,55.799999952316284
187,1790,9715,2651,2305,7562,1267,3466,1681,6464,7045,670,56.09999990463257
188,5533,5164,2954,6925,4813,6897,9293,7894,7051,2757,415,56.40000009536743
189,9883,206,3540,4569,9754,5945,1081,9696,8927,6064,460,56.700000047683716
190,4720,3641,6742,948,609,225,4312,8654,3830,5185,470,57.0
191,1916,1153,9765,9598,1784,8107,781,621,2237,9139,530,57.299999952316284
192,5245,929,3110,1072,8007,7507,5931,9619,3092,4103,940,57.59999990463257
193,6527,3753,2521,6623,6994,4084,8829,3086,7678,7109,580,57.90000009536743
194,2891,3015,8764,7792,3554,5803,517,8771,331,5571,600,58.200000047683716
195,4697,9943,4558,783,2353,6968,2051,3542,6233,2215,633,58.5
196,4264,8229,424,8956,7954,767,7226,4072,9029,9015,670,58.799999952316284
197,8229,7865,8381,7489,5433,2679,504,9537,8562,741,415,59.09999990463257
198,8568,4575,5953,4597,8037,4128,9912,5306,8583,3254,460,59.40000009536743
199,6109,3120,214,6363,8867,2174,6395,4803,3338,8065,470,59.700000047683716
200,4793,3176,3017,4058,6822,8064,6424,663,6477,4296,530,60.0
201,6472,9653,6386,2178,6249,9002,7409,8304,3922,7291,940,60.299999952316284
202,7938,3583,2168,113,4750,8895,6738,8898,3270,6548,580,60.59999990463257
203,6424,6165,7266,6162,8364,3841,4079,8520,389,6199,600,60.90000009536743
204,6074,5259,2311,1422,7664,641,9819,1652,2649,1014,633,61.200000047683716
205,724,8133,8921,9612,9656,6654,889,2934,7934,7150,670,61.5
206,6904,3954,5006,2746,7169,4561,8662,7078,1256,7084,415,61.799999952316284
207,3699,2373,7467,1298,8376,8773,5690,7109,1464,9211,460,62.09999990463257
208,7426,1727,9956,4193,3184,3546,311,9816,2321,9649,470,62.40000009536743
209,6756,8087,7677,9195,2691,7908,7755,8881,7325,6709,530,62.700000047683716
210,7132,5234,6536,6580,9522,6284,6513,3315,9619,3674,940,63.0
211,1058,3531,7472,3997,6291,4045,3606,974,9017,8075,580,63.299999952316284
212,2971,989,6306,6605,2887,409,223,851,5276,9659,600,63.59999990463257
213,4264,4051,6332,2886,4513,3433,8652,4445,9373,7130,633,63.90000009536743
214,6328,428,5862,9600,7148,5564,7768,5273,4056,4482,670,64.20000004768372
215,8032,2084,2936,8725,5109,5296,5316,215,7726,8416,415,64.5
216,3640,1678,2625,5230,1188,655,6384,5913,7968,858,460,64.79999995231628
217,8568,8638,5384,7727,9112,7291,1858,6120,5115,6552,470,65.09999990463257
218,1854,8115,2657,5330,1607,8316,7297,3599,4213,810,530,65.40000009536743
219,5948,6051,5669,4135,9567,6624,9957,4782,8867,9285,940,65.70000004768372
220,9583,7533,268,964,3571,4982,7374,2877,1594,3483,580,66.0
221,2741,6950,8775,9028,4074,9731,194,1422,9497,9381,600,66.29999995231628
222,3125,5606,2825,8191,2113,3131,3352,2692,1216,2555,633,66.59999990463257
223,7674,7957,9433,4022,2587,8707,7302,1346,9036,431,670,66.90000009536743
224,5629,5971,4972,8138,1914,8959,1308,8549,7267,7859,415,67.20000004768372
225,9854,8118,4079,5680,8401,1430,325,4283,1511,1151,460,67.5
226,7138,9888,5682,6428,9099,2547,2900,9964,5785,243,470,67.79999995231628
227,8276,8521,1497,6307,8358,6074,5480,2656,9523,6623,530,68.09999990463257
228,9133,9841,1154,2735,1049,5009,8153,1619,7421,3464,940,68.40000009536743
229,681,5878,4013,2522,3061,5436,5771,7739,6852,5045,580,68.70000004768372
230,7694,6276,9699,4363,2857,8538,7266,4104,4315,7789,600,69.0
231,7651,6526,9966,3548,7217,3928,5460,8221,3388,4000,633,69.29999995231628
232,2213,4652,2513,5008,7450,8397,3204,7958,7768,197,670,69.59999990463257
233,702,3600,2376,5169,2717,7186,8667,8715,7386,430,415,69.90000009536743
234,5401,3714,6380,8770,1165,7039,2877,680,4720,377,460,70.20000004768372
235,1171,6437,3438,3100,169,4108,9545,7515,2930,3717,470,70.5
236,9804,9969,4176,6223,4557,5412,6082,7931,7025,7116,530,70.79999995231628
237,8962,8829,7757,2893,6019,4298,224,8623,5983,3449,940,71.09999990463257
238,8206,6537,6402,8272,8539,388,2737,9984,5426,8264,580,71.40000009536743
239,3959,4475,8797,9221,7010,2195,767,1287,4487,3181,600,71.70000004768372
240,8995,7663,3388,3180,1684,7709,2069,7058,5834,2998,633,72.0
241,1977,3694,6092,6609,6615,2097,2293,8806,9016,4800,670,72.29999995231628
242,8501,8396,8960,6398,2992,5141,3735,8350,6961,6714,415,72.59999990463257
243,637,6484,4719,5599,1958,3108,5034,9864,7643,3904,460,72.90000009536743
244,6694,4752,285,5222,7971,5555,3237,6576,4985,9195,470,73.20000004768372
245,1247,8949,7229,2635,7046,3452,9037,9747,4779,4542,530,73.5
246,4450,4924,3986,2156,1782,6909,4976,6313,7337,4935,940,73.79999995231628
247,2672,102,3165,5119,1585,8244,2071,6661,9231,1853,580,74.09999990463257
248,4819,6737,9857,8521,3300,8250,4285,7643,6344,4716,600,74.40000009536743
249,8236,3807,8486,6563,2350,8122,483,7132,4118,8293,633,74.70000004768372
250,1493,486,3567,4417,6521,9048,1222,7658,7849,821,670,75.0
251,7279,5762,1803,2531,9306,699,4925,9612,4637,2297,415,75.29999995231628
252,6477,3143,6533,7455,5327,1024,1489,5753,4865,2546,460,75.59999990463257
253,9859,7701,7315,8579,7606,151,6032,6691,8639,6493,470,75.90000009536743
254,7083,5456,839,294,7286,659,653,5710,4521,9990,530,76.20000004768372
255,7143,6310,5712,7000,2133,3046,6188,5275,8890,8535,940,76.5
256,2105,2005,4483,3968,7324,8152,7002,9176,7306,5385,580,76.79999995231628
257,9626,5448,2086,1842,1821,9703,6007,5035,9307,7320,600,77.09999990463257
258,8840,9654,9290,1708,5692,4253,678,2509,457,4578,633,77.40000009536743
259,7704,7150,9849,4383,2407,1091,4304,8757,5897,2013,670,77.70000004768372
260,8306,4433,2534,2535,8716,2571,4608,433,6417,7636,415,78.0
261,8095,6942,7472,4728,930,9686,8705,4278,4817,3266,460,78.29999995231628
262,7609,3349,4303,7644,5931,5688,9065,8278,9382,4967,470,78.59999990463257
263,6860,6551,5245,458,6557,2608,216,5843,3632,2772,530,78.90000009536743
264,4885,2892,4696,394,3096,9620,2255,7940,7868,9326,940,79.20000004768372
265,2005,8636,6273,8955,6598,1393,9232,2720,8269,3428,580,79.5
266,6625,9030,9353,9318,2456,8230,2506,494,6420,6293,600,79.79999995231628
267,4255,7246,2232,3520,8340,9678,7918,5254,9355,7097,633,80.09999990463257
268,8667,1275,2877,154,6440,2678,8385,9054,1041,5967,670,80.40000009536743
269,6360,7709,1220,1003,9945,8117,4398,805,3322,2181,415,80.70000004768372
270,5216,1650,1951,7406,3405,6264,6253,5412,4992,8893,460,81.0
271,5020,7550,7393,5671,5792,5646,3940,5113,3800,2942,470,81.29999995231628
272,7948,3739,6506,2092,486,4683,8453,246,8795,3652,530,81.59999990463257
273,9803,8485,8333,2705,5624,5404,4277,1152,6135,5380,940,81.90000009536743
274,581,6253,3054,3450,7980,6083,4745,3959,1871,1414,580,82.20000004768372
275,8338,9835,374,2733,5291,8713,3799,6856,291,9408,600,82.5
276,1677,6556,1297,1614,9474,9687,9021,819,7897,565,633,82.79999995231628
277,1898,8122,2280,2390,9213,9174,7052,7578,7628,920,670,83.09999990463257
278,5752,5963,3769,3153,3576,8658,9287,3094,4854,2340,415,83.40000009536743
279,8106,3877,1530,9293,7034,4852,1267,3282,7063,6227,460,83.70000004768372
280,7558,7594,3523,6563,6257,2957,7368,3456,9192,1945,470,84.0
281,3836,5405,8135,9439,7029,5308,7668,2998,7707,2890,530,84.29999995231628
282,354,8752,3751,2711,3271,4762,4234,5927,3367,9773,940,84.59999990463257
283,4184,3397,6919,3910,4266,4361,4038,8785,576,2466,580,84.90000009536743
284,5070,4564,1685,2754,330,8468,8119,4011,672,8185,600,85.20000004768372
285,7336,6949,8618,1227,6995,955,1865,475,9339,8313,633,85.5
286,6617,4619,4893,2828,1440,2185,8793,5945,789,7671,670,85.79999995231628
287,8056,9308,8902,5495,8905,4911,7648,3471,7162,9245,415,86.09999990463257
288,6682,1882,4888,190,6809,2365,248,1969,6116,5142,460,86.40000009536743
289,9601,2355,1528,3694,595,4808,9187,4770,1030,2209,470,86.70000004768372
290,2964,8251,709,4683,2131,8135,9717,2188,9627,9791,530,87.0
291,133,2492,5148,9138,1835,1396,7722,3105,8422,3702,940,87.29999995231628
292,3401,1724,8161,5232,1932,7834,8104,6935,7722,7899,580,87.59999990463257
293,4234,1258,8437,6371,2868,1662,9651,3636,6324,9662,600,87.90000009536743
294,5188,4115,831,5821,2064,194,1294,8643,3776,2411,633,88.20000004768372
295,9635,8423,5357,4211,6996,7601,9786,1915,4693,2657,670,88.5
296,7466,932,9405,4959,7904,4916,9533,7435,3881,3600,415,88.79999995231628
297,9261,6886,8158,6839,149,4331,4467,3316,4853,6172,460,89.09999990463257
298,9744,6230,7375,6963,2202,2583,9269,1955,6803,5813,470,89.40000009536743
299,6132,2728,2927,8341,7210,3753,8630,6970,9782,2045,530,89.70000004768372
300,4772,4368,1280,3850,5593,6604,6614,2340,3604,7490,940,90.0
301,4760,118,766,3203,2213,383,6517,1971,6243,2856,580,90.29999995231628
302,6534,4865,2319,2718,4967,2432,7417,3854,6440,6104,600,90.59999990463257
303,2071,2260,8547,9036,6298,3160,7798,4041,1210,7415,633,90.90000009536743
304,1994,4621,2415,8944,4143,6683,3742,8846,7687,9484,670,91.20000004768372
305,4416,3518,8898,7484,662,7791,5281,1211,213,9243,415,91.5
306,6129,7848,2396,1636,931,4663,326,5249,8059,3233,460,91.79999995231628
307,9521,6270,1470,4258,2049,5988,5555,3920,3277,7407,470,92.09999990463257
308,6806,9580,1380,7059,743,1300,9021,5949,4635,2205,530,92.40000009536743
309,4832,4769,6608,2354,9911,8845,224,9326,9746,4521,940,92.70000004768372
310,6822,6388,1316,3164,6222,1649,3199,9606,3403,3890,580,93.0
311,9884,6833,630,7955,9738,7835,5428,924,4820,7078,600,93.29999995231628
312,7045,4831,1113,1975,4627,7527,1646,6891,406,8317,633,93.59999990463257
313,374,500,8931,698,7202,1228,5067,8136,9838,2662,670,93.90000009536743
314,9272,8872,8259,8818,5535,4775,8915,6480,2481,6168,415,94.20000004768372
315,8140,4599,5036,5467,6793,8847,3113,8838,5102,3504,460,94.5
316,9202,4604,1221,7041,5839,2825,7026,4637,4967,3353,470,94.79999995231628
317,1634,7131,9165,1476,3719,319,3478,858,4761,9423,530,95.09999990463257
318,5713,7410,1329,288,4064,1171,1297,3780,3846,6833,940,95.40000009536743
319,6622,1287,672,6703,7221,7309,8665,9912,5376,5086,580,95.70000004768372
320,6463,6938,2942,1742,8549,4266,2525,2557,7787,2037,600,96.0
321,3237,2540,9199,1184,4504,5584,1993,7905,6058,5869,633,96.29999995231628
322,7056,692,6312,9671,7882,2582,7711,738,2909,3215,670,96.59999990463257
323,2640,506,6323,2336,3455,3509,8799,8226,821,2368,415,96.90000009536743
324,9811,3200,2728,6060,5286,9638,6249,5585,4517,4349,460,97.20000004768372
325,444,4721,5315,4279,8144,1392,751,107,7617,4627,470,97.5
326,9092,5806,3549,9709,5663,472,219,1727,3970,8339,530,97.79999995231628
327,4124,6129,899,6483,6175,1508,8174,3710,9494,8444,940,98.09999990463257
328,7668,9390,7374,2524,6233,2317,2770,342,3285,7592,580,98.40000009536743
329,3727,3573,5038,8212,6132,5085,5492,6483,1983,2798,600,98.70000004768372
330,2368,8642,3646,7290,9528,7206,4074,829,7791,2588,633,99.0
331,694,9430,7279,4620,9563,9404,7638,562,5906,3008,670,99.29999995231628
332,8875,9807,732,5525,5272,7849,4314,8743,1168,3587,415,99.59999990463257
333,4094,4911,6939,7869,3715,8098,464,3437,7870,3169,460,99.90000009536743
334,3206,9847,2185,6376,7812,2967,3978,8334,733,2868,470,100.20000004768372
335,864,8889,5787,6387,541,9760,1394,3324,1641,3946,530,100.5
336,1202,7433,2422,2299,6904,2953,9883,324,1710,5115,940,100.79999995231628
337,9566,129,9311,9284,4919,3956,3126,6889,181,2023,580,101.09999990463257
338,1501,8574,4163,7707,4920,9711,2032,6707,4123,8796,600,101.40000009536743
339,8159,9843,8513,1325,369,3870,4340,4314,8516,7768,633,101.70000004768372
340,7796,2658,9750,8127,5989,2842,9036,440,2284,8886,670,102.0
341,2979,7078,1690,9087,1409,1978,1695,2472,1130,989,415,102.29999995231628
342,7621,7894,6637,8395,7425,9194,464,8349,8604,8641,460,102.59999990463257
343,5163,3057,2994,5453,8149,9980,877,9780,6064,7038,470,102.90000009536743
344,4358,9213,9090,7706,552,7466,8513,5625,5798,3342,530,103.20000004768372
345,7080,9760,8370,338,8306,3790,3734,9244,1371,5834,940,103.5
346,8743,8678,3754,3055,9161,3787,9339,3200,9876,1816,580,103.79999995231628
347,3211,5734,3410,4750,8666,7966,1809,1748,5434,8206,600,104.09999990463257
348,5252,7905,3298,2729,3602,880,7310,7325,5433,1142,633,104.40000009536743
349,9061,284,8249,107,307,1756,3932,8710,265,9460,670,104.70000004768372
350,4412,3399,4998,7472,4678,2520,5649,5458,6146,5760,415,105.0
351,2575,304,7828,6855,8686,7698,2497,2652,4361,9445,460,105.29999995231628
352,6362,6321,8170,4734,6323,3199,3479,3425,1887,4622,470,105.59999990463257
353,6251,3882,5861,5738,3252,1154,1765,939,5763,5154,530,105.90000009536743
354,8568,1434,7935,8046,5726,9846,5654,6849,7738,7863,940,106.20000004768372
355,9536,3697,6785,7191,8386,1844,9642,557,8088,432,580,106.5
356,330,5454,6497,980,9932,8868,6837,5167,6134,6072,600,106.79999995231628
357,7083,4672,9576,789,864,9454,9984,9693,1090,533,633,107.09999990463257
358,2712,5611,6515,237,8853,2381,5581,4800,7877,3228,670,107.40000009536743
359,191,6024,1727,1238,8824,5523,6539,8723,592,6738,415,107.70000004768372
360,5806,5373,7004,7316,3293,7360,2307,7633,819,7773,460,108.0
361,4924,1771,2180,4233,2639,647,7915,7903,8583,8100,470,108.29999995231628
362,2207,7505,4536,9868,7750,321,1770,8123,4301,5112,530,108.59999990463257
363,4255,7678,6102,719,7203,1640,4578,7557,9547,2871,940,108.90000009536743
364,2892,6060,9940,573,322,8220,4265,1570,9740,306,580,109.20000004768372
365,3637,4293,8151,2530,9124,8224,6008,8341,9279,9883,600,109.5
366,5346,5176,9738,9220,1678,579,2982,5100,8855,3681,633,109.79999995231628
367,5039,3674,4536,6496,1620,7826,9236,7103,3879,6606,670,110.09999990463257
368,1260,896,802,398,1519,3504,3087,8850,7672,9150,415,110.40000009536743
369,4167,2654,1063,2021,9711,7843,4694,2021,2460,9914,460,110.70000004768372
370,8650,3225,8353,1559,2672,7731,5614,1405,6283,2652,470,111.0
371,1341,9299,2500,7461,1989,9419,2968,7845,5698,5013,530,111.29999995231628
372,6527,6570,335,7649,2473,1053,7474,9501,9753,517,940,111.59999990463257
373,4693,2269,7383,2925,8784,4633,3048,2056,3862,3718,580,111.90000009536743
374,2562,5512,612,2201,8526,3526,528,9635,8735,6987,600,112.20000004768372
375,1064,3706,2589,4820,1535,7178,4126,2419,2368,1940,633,112.5
376,5590,5633,8701,2736,3816,1244,5923,7457,7619,5509,670,112.79999995231628
377,3765,8164,894,248,9278,5612,8206,6742,5844,8806,415,113.09999990463257
378,8309,8537,4186,6393,5179,3888,6011,6561,2600,2357,460,113.40000009536743
379,6049,9623,8798,7112,7139,7386,2086,9926,1896,7365,470,113.70000004768372
380,7672,5626,5506,9584,5968,3039,275,588,5065,6226,530,114.0
381,1160,7793,1698,7806,7837,7936,7266,3037,3762,8095,940,114.29999995231628
382,9740,6034,4711,153,2364,2285,9060,5112,5999,2162,580,114.59999990463257
383,8060,5544,322,7788,4948,4883,6590,7338,1097,8532,600,114.90000009536743
384,4024,2855,3882,5521,1217,4785,2181,5556,2550,8311,633,115.20000004768372
385,672,9902,9703,5560,1311,4535,6921,218,7560,1827,670,115.5
386,8076,5218,299,3628,1407,2842,236,2679,6212,9958,415,115.79999995231628
387,4546,613,7655,6401,3623,945,4080,326,8109,7157,460,116.09999990463257
388,814,3098,4728,3404,9537,2914,5972,8996,1255,7587,470,116.40000009536743
389,6746,9044,1594,256,8800,5706,2336,9987,9227,8012,530,116.70000004768372
390,9447,4119,7133,9175,8689,5289,9531,3112,8500,1168,940,117.0
391,7443,2851,6949,6085,2150,4361,8859,6282,3650,1938,580,117.29999995231628
392,3766,3497,8323,5223,7980,5940,660,7183,3368,8629,600,117.59999990463257
393,1908,8426,5305,1623,6316,4321,822,4680,6792,630,633,117.90000009536743
394,5026,7688,9314,1687,7069,5628,9388,4241,6542,861,670,118.20000004768372
395,7061,8470,1890,4252,2380,8255,4663,6705,1652,4245,415,118.5
396,2832,6912,3267,3262,8589,2002,4532,2474,5473,8665,460,118.79999995231628
397,1845,5927,7130,7156,6558,336,5394,6289,2389,9755,470,119.09999990463257
398,6815,6805,695,261,626,8716,5406,7760,7070,7192,530,119.40000009536743
399,7897,3991,1510,6630,3797,4634,8239,4350,851,4069,940,119.70000004768372
400,5842,5759,2271,5074,6517,1258,6015,8908,9914,5432,580,120.0
401,7191,4509,3272,4477,7902,1181,653,8998,1071,4818,600,120.29999995231628
402,7596,2606,2530,4782,8469,4748,3456,6299,2046,5219,633,120.59999990463257
403,9160,7378,2799,893,3351,9636,8282,3251,305,1984,670,120.90000009536743
404,8871,2173,4108,4139,3494,3486,1743,848,3851,2225,415,121.20000004768372
405,7499,3019,2211,4360,3861,6500,5271,3432,7073,5367,460,121.5
406,3399,1424,1567,7744,1018,9480,3480,3955,6985,2823,470,121.79999995231628
407,4505,7956,1974,4097,3000,590,7206,3072,3527,8718,530,122.09999990463257
408,3438,6707,7788,9009,8195,5476,8079,189,1672,2021,940,122.40000009536743
409,6284,3174,1831,3569,1172,7249,811,6975,5533,7979,580,122.70000004768372
410,254,5856,8808,5303,3371,3806,277,1037,7899,9075,600,123.0
411,2604,263,453,7914,8966,286,6051,6854,6195,6619,633,123.29999995231628
412,1194,2583,1219,9750,1397,9784,5605,6054,6429,169,670,123.59999990463257
413,2969,4028,3939,1908,2103,7917,1833,4112,1211,6253,415,123.90000009536743
414,8381,4790,9240,8937,7142,9818,6176,8831,9846,3383,460,124.20000004768372
415,9352,4936,7354,6132,2502,8697,4734,5571,8888,3262,470,124.5
416,2075,8477,8696,3000,4480,1426,1502,2608,7384,1668,530,124.79999995231628
417,832,691,9240,2506,4730,2607,3062,1463,9241,3443,940,125.09999990463257
418,3588,9865,244,2820,7017,5222,2032,7903,6712,8156,580,125.40000009536743
419,7789,5693,3319,6906,6328,8895,829,6423,214,8380,600,125.70000004768372
420,8665,6902,1122,2118,3286,2153,261,3422,1743,1496,633,126.0
421,976,6204,1128,9688,908,4990,3358,287,8283,6633,670,126.29999995231628
422,7141,3408,7390,2761,6484,9411,3489,1536,7098,3834,415,126.59999990463257
423,5042,4983,9127,4742,8174,3773,3624,9482,7619,2609,460,126.90000009536743
424,1348,5857,1785,4248,8732,4780,9048,1073,8629,4783,470,127.20000004768372
425,938,106,6449,498,686,5593,1838,1990,8037,1872,530,127.5
426,4092,4965,8365,2144,3435,4929,826,9736,2921,7989,940,127.79999995231628
427,1684,2445,8188,795,1803,8532,2517,5518,274,868,580,128.09999990463257
428,1673,3564,1230,491,7258,9515,7838,1735,649,2951,600,128.40000009536743
429,4467,5983,9318,5259,2896,8972,7004,1387,7859,6998,633,128.70000004768372
430,3351,8345,4380,6641,9955,1180,1254,9492,1303,6474,670,129.0
431,8275,1100,9555,3937,1021,5240,8914,1459,6881,8419,415,129.29999995231628
432,7626,2224,2867,9433,3669,7278,8376,6777,8646,2822,460,129.59999990463257
433,8217,3720,2361,5711,5444,8276,6115,1120,3653,1969,470,129.90000009536743
434,6320,5792,6166,1721,3539,7951,8466,3008,6039,6658,530,130.20000004768372
435,7449,3569,509,4797,5607,9394,5870,2811,7369,8905,940,130.5
436,4907,2801,1354,3034,7262,2467,7366,2525,875,3950,580,130.79999995231628
437,7148,3894,7174,326,5721,4140,5903,325,8228,3818,600,131.09999990463257
438,3172,8573,3344,801,4092,7340,9379,1905,4194,4289,633,131.40000009536743
439,4272,7437,9358,468,6416,4235,2392,5068,8001,5564,670,131.70000004768372
440,8535,955,2943,6862,2399,5825,6701,9529,3283,3067,415,132.0
441,5952,4797,6332,4311,1119,3815,9528,8466,7677,6265,460,132.29999995231628
442,404,173,1189,7140,9650,6218,5977,3967,4287,4661,470,132.59999990463257
443,9179,3395,5110,7603,3907,533,6087,3318,4171,3458,530,132.90000009536743
444,9524,9972,1729,3145,1404,3746,5719,5503,6866,4332,940,133.20000004768372
445,9506,550,6273,4347,547,4045,420,9719,4145,7981,580,133.5
446,7900,3011,2751,298,5857,2459,4529,7848,9463,7663,600,133.79999995231628
447,1159,6377,9817,2881,7931,4989,1774,4572,8326,5551,633,134.09999990463257
448,2870,5399,5039,496,3079,4768,500,763,1880,9758,670,134.40000009536743
449,6164,623,6062,9545,7723,5675,7668,9033,7626,6462,415,134.70000004768372
450,1031,567,6777,1146,5658,8201,6093,9870,5746,1199,460,135.0
451,6550,222,463,5940,8361,5820,9400,5586,8203,9707,470,135.29999995231628
452,5204,6712,5582,2926,5624,480,7040,6216,9118,7451,530,135.59999990463257
453,9702,2702,7163,5984,6279,2637,744,2174,7404,3005,940,135.90000009536743
454,4575,5927,8751,9319,8053,1912,8335,7708,7000,9221,580,136.20000004768372
455,5298,497,3437,2227,3010,4801,2673,8543,7326,2814,600,136.5
456,7776,7737,5611,5475,5164,7681,4010,2174,2180,5550,633,136.79999995231628
457,5805,9422,7245,9331,7341,2163,8962,5928,8959,1082,670,137.09999990463257
458,4152,9829,4246,3472,4633,2969,548,5074,9013,4892,415,137.40000009536743
459,9539,5744,1368,2538,4011,2301,3105,2442,1148,8331,460,137.70000004768372
460,4000,350,2355,2086,4839,7678,3370,7521,5158,9437,470,138.0
461,5246,5832,6487,4863,8445,6648,5989,131,1051,8481,530,138.29999995231628
462,3985,2156,8954,1350,326,1659,9039,1421,9502,6064,940,138.59999990463257
463,6682,2788,489,8328,7231,6889,6230,7516,2340,3135,580,138.90000009536743
464,9183,7034,145,4068,2081,8915,1017,3634,7451,9195,600,139.20000004768372
465,2884,3105,5143,3625,4830,5954,4154,5250,4223,9279,633,139.5
466,8475,6843,1232,7664,4554,8148,6111,1498,4971,4652,670,139.79999995231628
467,6756,793,1447,8863,7702,8597,5379,8254,9874,4732,415,140.09999990463257
468,6790,639,2339,9630,2893,8014,6156,8479,4919,4246,460,140.40000009536743
469,289,2329,3388,5753,2784,3825,3644,3140,6039,2252,470,140.70000004768372
470,1973,4135,338,4376,8421,174,8929,5185,8789,8950,530,141.0
471,988,4453,5164,5535,1551,2735,6327,9605,1365,7463,940,141.29999995231628
472,4512,9994,9606,4388,1806,6801,9305,3885,357,6038,580,141.59999990463257
473,6912,8600,4674,7922,9935,7880,5693,6249,9129,7134,600,141.90000009536743
474,9237,377,2775,7752,7264,4983,7983,9794,8662,5181,633,142.20000004768372
475,9654,7559,7098,4066,715,7500,9121,7094,6799,2420,670,142.5
476,5872,4946,9947,5491,9642,7244,7357,9459,7808,9014,415,142.79999995231628
477,3813,1558,9364,8847,6139,6031,4163,8517,8462,5972,460,143.09999990463257
478,6139,5797,3835,1385,3754,9082,939,9954,2999,3230,470,143.40000009536743
479,6658,1058,3715,2830,2525,6050,2519,5359,5387,6433,530,143.70000004768372
480,7961,4239,4715,9420,3501,4235,9969,9419,7149,2991,940,144.0
481,9777,6647,6624,1915,7282,6888,8251,7149,3622,4977,580,144.29999995231628
482,2526,1952,6961,4369,5763,3846,5417,2125,8634,3198,600,144.59999990463257
483,543,8885,1347,6444,6128,1965,9976,8193,8845,5011,633,144.90000009536743
484,634,1618,249,3096,3152,6439,768,4251,2830,1673,670,145.20000004768372
485,4505,4911,654,6692,9268,3083,5022,7508,301,7595,415,145.5
486,2930,7029,9483,7328,9870,7435,1995,5000,7418,8871,460,145.79999995231628
487,3378,7743,2691,5553,7710,7894,2192,8529,6981,9547,470,146.09999990463257
488,3539,3441,1601,5541,6332,1653,1535,2727,2760,333,530,146.40000009536743
489,9514,7645,1388,9894,1026,426,6744,6863,4958,1095,940,146.70000004768372
490,2245,5052,9313,2054,140,3082,5951,2272,294,1913,580,147.0
491,5109,1158,6829,9883,7846,8973,868,4677,6126,3158,600,147.29999995231628
492,1426,3695,9871,5466,687,7663,6758,7213,3985,8435,633,147.59999990463257
493,2396,3256,1219,6498,3890,5013,3614,2054,6997,4535,670,147.90000009536743
494,6857,8406,6371,6692,2711,813,5197,3580,6622,5031,415,148.20000004768372
495,5107,323,8104,401,1737,569,2001,230,9346,5606,460,148.5
496,6124,7367,4018,7517,4566,6196,6647,2477,5549,947,470,148.79999995231628
497,239,2948,9630,9467,4246,3661,9882,1347,2060,9991,530,149.09999990463257
498,7264,4016,1015,2968,8402,7346,8632,1453,7928,2921,940,149.40000009536743
499,5322,1615,3767,5928,4061,4286,391,5366,9293,7311,580,149.70000004768372
500,6958,1402,3330,491,5271,8701,674,6457,6815,684,600,150.0
501,4823,7794,9320,8782,2996,8626,3702,5650,7026,1378,633,150.29999995231628
502,6063,1293,8032,9855,1088,5257,3246,8168,5511,5946,670,150.59999990463257
503,6209,2431,7690,6223,5598,3643,6384,3078,4318,2788,415,150.90000009536743
504,2018,2275,7840,5984,4746,8420,8409,3311,403,4121,460,151.20000004768372
505,8819,5347,2773,836,942,5434,1531,5304,3871,3133,470,151.5
506,7996,7170,3942,2569,2298,3905,7567,9675,9103,5482,530,151.79999995231628
507,8819,5774,5724,3661,7253,8710,3948,8020,1990,4971,940,152.09999990463257
508,7264,425,8625,5982,4745,7770,2515,9489,1381,9496,580,152.40000009536743
509,1180,6324,3761,5837,3927,2017,5786,720,9180,8606,600,152.70000004768372
510,8040,9113,6505,4038,5726,333,7438,2174,4323,5611,633,153.0
511,3882,2761,7853,9481,6594,3194,7510,477,3737,6723,670,153.29999995231628
512,3360,9140,2044,9356,2938,3984,1313,8945,6158,6104,415,153.59999990463257
513,8407,6869,1827,6702,1441,9783,8354,1043,9188,6486,460,153.90000009536743
514,1541,2640,1454,3225,697,7515,6496,1794,7910,4842,470,154.20000004768372
515,8677,9844,7039,1168,8505,5927,1883,3759,9236,9392,530,154.5
516,4215,6413,9112,2733,3382,3674,9224,8478,6991,3220,940,154.79999995231628
517,8157,7798,4326,2913,2604,7007,5202,1177,8377,995,580,155.09999990463257
518,2550,470,5149,624,7608,1394,2851,6936,2546,1905,600,155.40000009536743
519,5729,5185,6872,8383,3188,3710,7403,8953,9938,2673,633,155.70000004768372
520,6479,8116,4884,4055,4875,8738,6153,4681,322,7013,670,156.0
521,8791,9297,1432,3985,8896,6702,3668,2875,6617,1300,415,156.29999995231628
522,5594,2162,4228,5846,4113,3158,2054,3632,1852,4804,460,156.59999990463257
523,5145,7516,3314,2554,4659,9492,9522,7888,8828,6293,470,156.90000009536743
524,7747,1829,7631,8863,9485,8328,4941,6586,7578,898,530,157.20000004768372
525,5448,3851,4500,7977,9972,9789,5503,9360,9362,5365,940,157.5
526,4678,1031,7826,5780,4497,3104,4040,8099,4737,4896,580,157.79999995231628
527,5253,7715,9085,7249,4544,4411,1869,6785,6176,6979,600,158.09999990463257
528,9650,2786,2787,7233,9891,364,4667,4102,8851,2491,633,158.40000009536743
529,168,5698,3444,6828,3126,4471,8444,4107,9055,6685,670,158.70000004768372
530,9085,2542,7696,9103,577,2134,5792,7469,6146,7215,415,159.0
531,8936,6732,8436,4970,7799,3827,5447,802,2562,6946,460,159.29999995231628
532,8736,4447,198,1109,309,3517,9709,5750,1690,7801,470,159.59999990463257
533,10000,8628,7257,4030,3959,7548,7713,4307,4257,3113,530,159.90000009536743
534,3364,1614,2787,2733,4791,2129,3868,1388,1113,1457,940,160.20000004768372
535,4880,7421,3368,4820,8113,7041,550,656,1189,4022,580,160.5
536,7505,262,2233,4844,5543,4283,7117,7197,1698,322,600,160.79999995231628
537,9847,3034,770,4923,9302,4170,832,2376,7440,9442,633,161.09999990463257
538,7729,1881,4207,3749,3279,523,3557,4901,3670,7427,670,161.40000009536743
539,1721,6601,4880,4546,4840,5464,805,9419,7020,1037,415,161.70000004768372
540,5784,4386,2443,6055,2107,8874,7208,539,7727,6807,460,162.0
541,5743,836,7588,6816,8532,9582,8552,579,8338,1318,470,162.29999995231628
542,5057,571,9382,3706,7083,3688,988,3688,2248,4423,530,162.59999990463257
543,1837,8086,7729,7680,1771,4367,1931,7478,7591,4131,940,162.90000009536743
544,7502,1062,5267,4703,9058,8823,7990,5308,7147,6629,580,163.20000004768372
545,6917,8292,1880,9372,3281,4165,2003,9453,6897,3456,600,163.5
546,1642,6965,254,4349,2884,283,8897,6174,7742,8252,633,163.79999995231628
547,8780,7729,1651,9435,6002,287,3088,3990,6254,1161,670,164.09999990463257
548,556,1211,1933,4532,4856,6473,1838,2897,9505,1833,415,164.40000009536743
549,877,585,9130,469,4124,1313,6286,3293,5737,5576,460,164.70000004768372
550,6411,5222,2787,2314,3940,4471,2777,1436,2638,9231,470,165.0
551,2948,5222,7874,5693,6473,7472,8933,1527,9656,448,530,165.29999995231628
552,5678,1816,4626,7033,8591,5252,8247,9304,4164,7393,940,165.59999990463257
553,9877,7573,9311,8527,3938,1958,5078,352,8627,8709,580,165.90000009536743
554,8438,3070,9039,5357,8563,4264,713,8770,5560,3327,600,166.20000004768372
555,4741,2839,2658,7472,3568,9543,1092,9239,9478,454,633,166.5
556,4996,9449,4306,2867,9448,3101,433,3371,4320,8161,670,166.79999995231628
557,8964,362,2928,4714,837,2262,1281,2757,4976,3180,415,167.09999990463257
558,2369,438,2782,4507,8853,5871,9648,7300,2460,689,460,167.40000009536743
559,4329,7867,788,6961,6374,9662,7773,7555,3043,3922,470,167.70000004768372
560,6922,5606,1605,1431,3913,6605,8503,4952,6311,3333,530,168.0
561,8653,9939,8301,9559,8272,5881,8483,6115,380,3560,940,168.29999995231628
562,7158,8702,6877,4386,8151,4899,6326,1158,7351,363,580,168.59999990463257
563,3414,3486,2822,2934,4433,9328,3635,3761,3040,9158,600,168.90000009536743
564,6907,2253,7489,8406,2724,308,5059,5539,8458,7093,633,169.20000004768372
565,736,3165,6364,363,7716,2777,4281,6881,9354,4078,670,169.5
566,335,7280,3933,7896,4937,4069,539,7009,8726,4520,415,169.79999995231628
567,5009,1730,8554,4298,4888,4987,1813,4923,9489,9029,460,170.09999990463257
568,8705,6269,3921,6567,3949,1792,2149,6917,6979,699,470,170.40000009536743
569,1834,2382,1596,1036,7755,2309,4855,9335,7056,1145,530,170.70000004768372
570,4991,5359,8887,5286,8572,9876,4007,6000,1591,7465,940,171.0
571,5340,836,4996,8104,7129,7634,4067,3052,5677,711,580,171.29999995231628
572,4378,2736,8864,9773,3127,6629,7601,4032,7700,5356,600,171.59999990463257
573,6509,4522,2227,3283,6655,4929,1908,8537,8551,3489,633,171.90000009536743
574,9298,5356,2594,103,1367,4138,5641,4830,4751,5300,670,172.20000004768372
575,1819,1981,6954,4568,1996,5307,2133,9117,9301,1346,415,172.5
576,2580,3216,516,5485,1268,8858,5731,6753,1002,9058,460,172.79999995231628
577,4515,3508,478,7879,4239,704,803,3211,121,5755,470,173.09999990463257
578,9303,3532,1802,9667,2523,8405,9880,4313,8132,7822,530,173.40000009536743
579,3978,9287,5530,4599,3965,2324,1366,565,5612,1998,940,173.70000004768372
580,5739,6694,4959,8154,9768,1447,6513,6628,5187,3306,580,174.0
581,3981,9421,7677,9112,570,7454,9746,6428,616,5980,600,174.29999995231628
582,6825,3796,128,4392,9472,9627,8532,3904,6975,6668,633,174.59999990463257
583,4341,956,6147,4753,4479,2274,3921,2262,8732,2649,670,174.90000009536743
584,5076,1920,3181,6579,4971,8426,5317,7346,142,8736,415,175.20000004768372
585,8794,8232,7175,8951,8015,7948,4331,7795,9377,4401,460,175.5
586,3753,9361,139,3151,3579,5743,7740,5354,6628,4197,470,175.79999995231628
587,7411,3795,2188,8198,2992,6289,7786,2574,1371,6691,530,176.09999990463257
588,1320,3522,7522,4168,8260,9121,7339,7547,8222,5104,940,176.40000009536743
589,9013,5799,604,7180,4989,2540,9313,8680,7692,4785,580,176.70000004768372
590,1535,3732,4043,137,7843,3929,977,7579,6227,5933,600,177.0
591,5659,3982,638,8017,3697,7632,3330,9722,8198,8382,633,177.29999995231628
592,5232,5394,8395,4063,918,4613,8482,8695,1150,7747,670,177.59999990463257
593,1707,7456,4228,3583,1825,2785,9406,3101,940,3777,415,177.90000009536743
594,3578,6416,4008,5848,6007,8125,8750,606,3490,1054,460,178.20000004768372
595,6374,4214,4708,5812,7306,7309,736,7164,132,2096,470,178.5
596,7210,5509,9829,4912,1310,8968,161,954,3540,6110,530,178.79999995231628
597,1403,8873,4264,8606,6090,2270,8007,1043,812,5598,940,179.09999990463257
598,2505,7240,8435,7493,1402,7829,2233,211,2351,1851,580,179.40000009536743
599,3322,500,5551,5417,6025,7134,9025,8185,5737,9220,600,179.70000004768372
600,4424,211,5781,9040,1695,5937,8538,6936,6891,2832,633,180.0
601,9972,3243,4790,6043,9110,564,2808,3249,224,2309,670,180.29999995231628
602,1649,7241,8244,4977,7978,3950,4646,8776,3443,8844,415,180.59999990463257
603,3590,6962,3943,2600,4343,3839,199,6750,6105,1265,460,180.90000009536743
604,4771,6793,8372,7494,9167,4315,9920,8522,1749,5174,470,181.20000004768372
605,1533,4767,7000,225,5667,5870,995,5757,2025,8296,530,181.5
606,8626,5802,4493,7320,1242,1591,8149,9997,3022,895,940,181.79999995231628
607,5563,8870,4953,8092,4225,9290,1862,7204,6726,171,580,182.09999990463257
608,2353,2938,5048,5991,9157,8213,5476,1842,3143,5991,600,182.40000009536743
609,9906,8059,9628,6959,1014,6762,3473,5722,2871,8815,633,182.70000004768372
610,9865,7123,9958,7281,7711,537,8863,2439,9958,6169,670,183.0
611,3119,717,8538,6276,1169,2111,3518,9291,9362,5711,415,183.29999995231628
612,1332,8687,6818,3534,1145,6009,3530,2227,4357,4908,460,183.59999990463257
613,9857,2681,8095,4545,5677,1183,2334,6566,6523,5441,470,183.90000009536743
614,9368,1813,673,9985,8250,5927,7367,1415,8092,2229,530,184.20000004768372
615,7489,1530,5670,5752,6963,872,497,744,5437,2987,940,184.5
616,8158,6633,9097,7424,1322,2664,5409,2648,8027,8574,580,184.79999995231628
617,9777,4861,7191,4946,8995,2619,9561,6435,4621,7788,600,185.09999990463257
618,6128,176,6806,7855,2456,3751,8273,1048,9176,2123,633,185.40000009536743
619,3857,7907,4477,6273,5631,6225,4319,2845,2136,3569,670,185.70000004768372
620,5560,677,1581,9128,6711,2736,9375,7791,3034,2163,415,186.0
621,2884,6724,7226,499,188,9944,5299,2858,1480,3685,460,186.29999995231628
622,8530,5413,4213,7032,6761,4216,7113,7135,5725,1414,470,186.59999990463257
623,4113,2852,3015,8933,6423,1379,4484,5783,8398,5234,530,186.90000009536743
624,2419,8798,6528,4730,6687,5995,248,6233,3991,724,940,187.20000004768372
625,7702,7484,1448,1902,9953,6091,6384,3690,5132,4505,580,187.5
626,9920,5123,7800,8098,4965,9392,7399,2904,6844,5440,600,187.79999995231628
627,6802,798,4117,1693,3748,5542,1737,8689,1491,6179,633,188.09999990463257
628,6816,3347,7823,6196,6463,2272,6687,7187,4229,5014,670,188.40000009536743
629,381,824,2966,1919,6067,9204,7147,5883,2096,177,415,188.70000004768372
630,8092,9606,8344,4683,1047,2043,3900,8054,2981,6776,460,189.0
631,299,2502,9583,6835,5377,7737,4671,8810,6664,288,470,189.29999995231628
632,8584,2312,990,5824,4337,1250,3366,5548,463,6179,530,189.59999990463257
633,3055,7630,7187,6020,2091,7466,220,663,4586,7465,940,189.90000009536743
634,266,489,226,5665,8280,1092,6580,8103,1209,2337,580,190.20000004768372
635,6590,7016,1452,8237,4392,9056,1588,2870,7419,5257,600,190.5
636,1155,6672,8751,7058,9815,9222,9269,1382,9704,6392,633,190.79999995231628
637,604,1156,5847,2667,9335,4632,1166,5379,2210,3958,670,191.09999990463257
638,968,4837,7478,9576,5701,1477,6674,7050,9786,7376,415,191.40000009536743
639,7273,2051,7598,7739,7752,6261,4987,8386,3609,1244,460,191.70000004768372
640,1408,5117,6072,4528,8591,3670,7371,211,1649,6105,470,192.0
641,4250,7499,7812,1309,4551,9699,7654,1898,1320,4742,530,192.29999995231628
642,2838,9419,994,1987,3966,6343,3414,1464,5347,3177,940,192.59999990463257
643,4464,4274,2264,6707,9854,2992,2751,6326,523,4349,580,192.90000009536743
644,9565,7717,1568,2146,4493,1174,4739,4075,4508,5427,600,193.20000004768372
645,401,4155,114,475,3014,2124,224,6093,3396,175,633,193.5
646,1053,5845,3565,2154,6524,2525,4823,8274,8379,3415,670,193.79999995231628
647,9514,3225,2709,7856,896,3893,6039,7389,9984,9737,415,194.09999990463257
648,3903,4482,4906,8524,3140,6224,2419,9854,3901,6234,460,194.40000009536743
649,633,9806,9499,1842,5409,7958,3938,3124,919,1359,470,194.70000004768372
650,3785,6602,3081,426,2488,1258,270,8685,1982,6576,530,195.0
651,5331,5699,4407,330,2318,1547,4433,5704,7522,2628,940,195.29999995231628
652,2743,6933,5130,5745,4365,3506,6179,4299,3335,5287,580,195.59999990463257
653,6824,6122,1048,6085,623,684,8450,129,5035,5059,600,195.90000009536743
654,221,5675,3723,2753,9872,8529,3542,4246,797,2109,633,196.20000004768372
655,6663,9533,3593,8184,4166,4871,6273,2181,4363,9500,670,196.5
656,9013,3619,7888,740,8645,3570,6896,3356,7267,4748,415,196.79999995231628
657,9930,5069,8890,3682,9311,2548,3600,9249,7712,8774,460,197.09999990463257
658,4605,9434,7011,6622,4659,7067,8389,5108,3366,9233,470,197.40000009536743
659,6260,7374,1213,6088,9044,6247,3783,4374,8445,1991,530,197.70000004768372
660,2486,4833,331,868,2973,5001,5257,7925,4695,3430,940,198.0
661,6479,6980,2886,6224,8056,8936,5338,6744,4483,5179,580,198.29999995231628
662,1072,1227,4582,828,4958,7373,3540,3629,8070,275,600,198.59999990463257
663,8538,8378,5347,9224,1592,3925,355,5028,8265,6773,633,198.90000009536743
664,2876,7365,9771,7311,1161,4486,1472,2946,2406,7110,670,199.20000004768372
665,8429,9504,3738,8861,4678,9689,4842,6440,8164,8706,415,199.5
666,2154,7477,475,8081,2134,6050,6389,4941,4123,8994,460,199.79999995231628
667,554,9344,6632,293,8827,2743,5360,8959,283,3409,470,200.09999990463257
668,9852,9449,9558,8842,3477,2394,1063,2144,2337,5289,530,200.40000009536743
669,3142,6444,9167,4729,830,2381,5237,1723,9966,2066,940,200.70000004768372
670,4429,4748,2461,2732,9478,642,4896,8407,939,5196,580,201.0
671,4589,2792,8632,2254,9386,1698,2885,9912,562,3410,600,201.29999995231628
672,5764,1864,6112,5578,7137,9134,3865,2148,3329,2783,633,201.59999990463257
673,2792,633,5632,2830,7511,8566,593,6012,1976,9484,670,201.90000009536743
674,8371,5188,4570,7548,9345,4958,1377,8565,9538,4784,415,202.20000004768372
675,8286,8014,1655,9131,6799,3551,1753,8865,4405,9042,460,202.5
676,8708,9640,1941,9346,6127,3660,5479,1009,7928,511,470,202.79999995231628
677,1621,7107,9032,290,2145,2299,6241,7757,2589,6986,530,203.09999990463257
678,4346,8826,1967,9823,6692,3746,5803,328,6515,7271,940,203.40000009536743
679,5409,1656,2307,4204,7734,6258,1873,2948,1235,2185,580,203.70000004768372
680,737,8915,502,6382,9845,755,8607,5370,9601,8559,600,204.0
681,7730,1592,4900,9961,5610,5277,276,2262,7783,5263,633,204.29999995231628
682,1079,8657,7460,7111,8077,3970,1481,8254,1650,431,670,204.59999990463257
683,9846,7846,2399,476,5699,6241,1538,4310,3375,9388,415,204.90000009536743
684,6662,4824,1424,5419,1138,6241,6108,5501,3093,5479,460,205.20000004768372
685,6054,5041,376,9614,7319,8880,5572,6272,8853,1783,470,205.5
686,4208,7697,4172,8791,4461,8227,7723,9131,5491,3260,530,205.79999995231628
687,2388,9830,6539,1080,7803,3890,627,2318,7965,5981,940,206.09999990463257
688,7729,9144,6358,9598,9590,1405,4258,1993,8721,275,580,206.40000009536743
689,1122,6870,1253,2712,6086,4082,7297,2061,3582,2447,600,206.70000004768372
690,4727,263,4284,2075,5771,2916,5081,5168,2659,6841,633,207.0
691,6131,2946,7544,4434,3663,6836,605,8189,8612,5286,670,207.29999995231628
692,4778,5111,4471,2395,1249,5237,5826,5895,5341,7464,415,207.59999990463257
693,8406,1803,3913,670,9030,9479,8572,6965,6430,1855,460,207.90000009536743
694,6837,8288,7209,8362,7298,5163,6861,6964,3074,8729,470,208.20000004768372
695,8203,7394,7629,6057,9106,9377,9681,6433,852,3937,530,208.5
696,9926,9178,800,6377,2118,2444,7489,1705,6661,919,940,208.79999995231628
697,7999,2395,8974,7317,2720,9493,8864,2717,1874,7600,580,209.09999990463257
698,2749,6990,4170,9175,3532,9217,5278,132,2558,4619,600,209.40000009536743
699,9515,3847,2232,5461,867,458,4265,4716,3265,2163,633,209.70000004768372
700,470,3067,8593,5389,164,7305,2713,3587,3055,8017,670,210.0
701,7303,8291,9777,802,4615,3605,6753,9000,9943,7994,415,210.29999995231628
702,994,6253,1719,6313,698,8222,6590,4035,3374,1743,460,210.59999990463257
703,8766,9874,3541,923,6483,4211,9264,1660,8613,1884,470,210.90000009536743
704,6385,6449,1045,3440,4168,4598,4627,4575,371,6608,530,211.20000004768372
705,3348,6790,5732,8592,9015,3907,8164,1612,7431,139,940,211.5
706,5686,616,3115,6534,3537,9033,8568,6622,2370,9756,580,211.79999995231628
707,7163,7267,115,9604,462,4091,4083,8974,9933,8340,600,212.09999990463257
708,6775,4060,9806,4198,4426,1673,7239,1980,6316,3622,633,212.40000009536743
709,1921,2363,1551,5092,2565,9038,5900,3711,7254,6607,670,212.70000004768372
710,3277,9734,5804,9666,4590,4101,7633,9556,8878,1243,415,213.0
711,7516,5886,5953,8697,5960,9565,5549,2387,2488,8083,460,213.29999995231628
712,6444,7309,402,4700,7320,4608,8548,1467,948,6266,470,213.59999990463257
713,2437,7903,1142,9301,9351,1808,3486,7525,9786,7876,530,213.90000009536743
714,2655,5044,7298,3813,8476,9166,4133,788,9415,4926,940,214.20000004768372
715,2430,7941,7395,5507,2361,8921,5845,5711,605,2500,580,214.5
716,7097,2754,6028,9323,3154,5306,8141,7289,4752,7964,600,214.79999995231628
717,2038,8983,7927,3844,5130,3754,4497,8885,2676,1165,633,215.09999990463257
718,5896,3186,8875,4411,8836,1193,2049,2597,6009,6920,670,215.40000009536743
719,8757,4453,4314,6931,6132,9092,4384,8272,2534,6089,415,215.70000004768372
720,6871,6416,8879,6362,937,6298,2557,3545,4966,3001,460,216.0
721,7869,6370,970,9757,566,8322,7725,8034,5667,5951,470,216.29999995231628
722,6456,5516,8139,9529,8975,8788,5943,7641,4455,8625,530,216.59999990463257
723,7625,8598,4791,3814,985,8458,2824,8149,8057,5824,940,216.90000009536743
724,1174,3040,7177,1902,8537,9424,2321,7687,1781,357,580,217.20000004768372
725,8818,8399,4676,4358,3923,286,3501,8524,7089,9287,600,217.5
726,2234,377,2813,9233,5860,1742,818,980,8673,151,633,217.79999995231628
727,2072,8345,6176,3486,8314,543,4644,4551,519,4196,670,218.09999990463257
728,629,2500,5712,9640,8968,3375,760,3901,5219,9406,415,218.40000009536743
729,4189,5011,7805,9384,2055,2210,615,6236,9145,7248,460,218.70000004768372
730,6181,5310,2548,9504,6684,8460,7794,967,4618,1325,470,219.0
731,4524,6881,8464,3942,8722,7912,5566,4061,8836,9038,530,219.29999995231628
732,7033,2523,8052,9683,6103,224,8834,1112,2849,3558,940,219.59999990463257
733,9579,9432,3378,9781,3829,9525,3027,2440,8651,6202,580,219.90000009536743
734,1411,6059,3453,2699,9198,652,5253,6659,583,2933,600,220.20000004768372
735,3365,4932,1141,4163,5714,4431,5167,2552,264,4215,633,220.5
736,9556,1882,928,1958,4700,1609,2712,7003,7095,5081,670,220.79999995231628
737,6886,2416,6627,2620,4038,7560,7237,3291,317,3078,415,221.09999990463257
738,5673,951,2379,3785,1092,4853,6299,148,8969,5290,460,221.40000009536743
739,6516,903,3749,7237,6053,8048,4467,8189,9795,8738,470,221.70000004768372
740,4999,2072,9822,5521,8322,4260,1406,1293,5526,9874,530,222.0
741,9083,8663,7335,7538,8181,4459,7817,3486,4952,6196,940,222.29999995231628
742,3143,2253,316,8536,1668,6133,8979,9137,6281,2789,580,222.59999990463257
743,3472,8471,7891,2274,2809,7842,9380,2233,1758,9994,600,222.90000009536743
744,1638,7047,7410,3072,8643,1965,679,5658,8458,4844,633,223.20000004768372
745,7156,1450,1046,3562,7632,2436,7819,3615,5448,9384,670,223.5
746,9249,4081,1740,3753,553,879,8629,9041,9931,1626,415,223.79999995231628
747,8646,9018,3802,1502,996,4321,7991,6800,9055,9819,460,224.09999990463257
748,5421,2046,2951,6443,6458,7309,5655,9904,8680,9985,470,224.40000009536743
749,3128,3908,4023,5649,3357,7607,2454,9047,5641,7534,530,224.70000004768372
750,5210,8711,5952,5260,2079,3803,7843,2090,125,2996,940,225.0
751,6310,1470,2370,7854,700,7597,6276,8205,3056,8454,580,225.29999995231628
752,3717,2147,2494,2371,5246,9682,6779,625,6007,2763,600,225.59999990463257
753,1737,5707,100,2583,3463,4045,770,6024,838,2719,633,225.90000009536743
754,2336,867,822,6341,7928,800,5348,4878,7433,648,670,226.20000004768372
755,8772,6619,5086,7081,9460,3799,2875,8278,6300,6573,415,226.5
756,8550,7709,9922,6890,420,8312,5920,2135,8011,3793,460,226.79999995231628
757,139,2962,4380,1913,6834,9160,6189,5753,3226,8365,470,227.09999990463257
758,2978,3310,758,9551,9800,9811,4259,1161,8275,2938,530,227.40000009536743
759,7489,4881,3475,1679,310,3284,291,9240,9504,6943,940,227.70000004768372
760,7776,114,3747,480,1520,2666,8602,4642,4385,8969,580,228.0
761,6147,5529,1503,6437,7365,473,2054,1089,9665,9007,600,228.29999995231628
762,8485,6698,2171,3024,2139,9124,1438,919,8266,1795,633,228.59999990463257
763,8045,6946,5599,3356,7242,2700,8271,3219,7713,5869,670,228.90000009536743
764,9018,4591,7883,7507,6890,6255,1326,3072,7486,4108,415,229.20000004768372
765,7884,3736,7572,4129,7842,1773,791,4089,6758,3174,460,229.5
766,5335,5759,2679,4562,442,723,5506,1546,8679,4012,470,229.79999995231628
767,9654,886,1652,4804,2336,639,1815,5169,5150,3804,530,230.09999990463257
768,6729,7015,6808,1749,7040,8856,691,5651,3986,3055,940,230.40000009536743
769,6039,1376,9059,7856,859,5595,7486,7233,6641,6416,580,230.70000004768372
770,9900,7445,2098,9429,8441,9273,1860,5929,8241,9124,600,231.0
771,3801,7470,2092,4116,3421,2617,7046,6091,8237,1171,633,231.29999995231628
772,3994,514,5436,8850,8790,411,9607,8681,8521,7817,670,231.59999990463257
773,5030,5687,3930,2252,8354,6529,6388,6966,4428,6481,415,231.90000009536743
774,135,4114,8716,4413,2989,3661,6599,7423,6567,5762,460,232.20000004768372
775,2464,6437,9546,9417,6516,8890,7246,3497,8254,2625,470,232.5
776,4105,9579,9356,9268,5631,5400,7104,8617,6268,2422,530,232.79999995231628
777,7875,8013,8833,1802,8060,5747,1567,8100,2728,7509,940,233.09999990463257
778,9725,2994,8177,6024,790,663,6430,8278,1163,1803,580,233.40000009536743
779,9059,8204,7215,222,4527,5920,5007,1538,8918,6619,600,233.70000004768372
780,3519,456,2480,3691,2918,3160,9759,365,8760,4679,633,234.0
781,7470,7281,3772,7050,7352,697,1950,5378,9935,6059,670,234.29999995231628
782,4868,489,5091,8797,5907,7626,4488,6439,4197,6724,415,234.59999990463257
783,8970,3887,6607,5788,7515,6305,2745,7187,7480,3931,460,234.90000009536743
784,5558,9075,9860,4860,9026,8547,3512,9704,5184,6023,470,235.20000004768372
785,1299,8553,3184,7684,623,6283,8678,2325,4484,9170,530,235.5
786,8044,6954,1369,7810,3165,9447,2711,874,1869,6285,940,235.79999995231628
787,8787,6137,4657,9968,3190,8432,5136,1085,5407,1446,580,236.09999990463257
788,9138,6099,6178,3802,9832,557,1815,103,9152,1465,600,236.40000009536743
789,2201,1399,5718,6166,7874,5968,9557,4594,3996,2555,633,236.70000004768372
790,716,3127,6812,8790,9653,1062,9116,9211,5951,8324,670,237.0
791,5098,4966,4645,6511,9695,7607,6079,9070,3668,2469,415,237.29999995231628
792,1526,6252,5138,4952,2772,1851,911,2643,884,425,460,237.59999990463257
793,3975,6684,407,518,9626,3131,9191,191,4883,897,470,237.90000009536743
794,7137,741,8764,6636,4688,1133,7864,700,656,3966,530,238.20000004768372
795,8862,5232,550,7858,1853,4834,5937,5988,9847,2857,940,238.5
796,7880,5680,296,3806,8423,4264,114,9522,194,4839,580,238.79999995231628
797,8242,1373,6007,6670,8623,526,6668,707,2735,4034,600,239.09999990463257
798,6473,9530,8471,2449,4446,118,9278,2995,4759,7773,633,239.40000009536743
799,9970,630,3710,6824,7683,1503,9644,183,103,9943,670,239.70000004768372
800,5687,5585,9670,1221,7154,5682,5716,1657,2033,4110,415,240.0
801,5006,9197,473,2347,9754,6888,3418,2652,4537,2536,460,240.29999995231628
802,3924,8006,7436,2489,9809,844,3836,7056,9030,7946,470,240.59999990463257
803,4518,4836,8255,4088,2829,4357,7671,2633,4648,6618,530,240.90000009536743
804,7117,8141,6089,9699,8217,5179,7981,6355,1209,7259,940,241.20000004768372
805,3292,856,6091,2507,8149,2032,8066,6787,8840,9514,580,241.5
806,5762,6831,6354,684,2274,4477,5234,2794,5402,4249,600,241.79999995231628
807,2141,9322,9367,705,8099,5523,6053,2658,9874,9816,633,242.09999990463257
808,586,2394,2287,9581,8441,9597,7467,9482,7313,4739,670,242.40000009536743
809,490,3503,5815,9984,8408,3815,4058,9675,1264,2481,415,242.70000004768372
810,9931,4344,4076,9143,4256,5755,8300,5424,8124,9138,460,243.0
811,141,3143,3074,6919,3877,6812,391,3209,3043,6632,470,243.29999995231628
812,5593,6648,8034,1497,5596,1747,4154,4456,6512,4312,530,243.59999990463257
813,3362,3191,1162,7544,2085,7813,5151,8619,9123,5311,940,243.90000009536743
814,7447,5476,7675,2460,3558,9732,1687,8732,9428,3555,580,244.20000004768372
815,8952,7406,3691,4232,9227,7218,5776,3015,4549,420,600,244.5
816,9282,6051,3600,786,287,9496,3520,175,8043,1759,633,244.79999995231628
817,5210,6085,5637,4433,4548,7465,882,2284,2401,4438,670,245.09999990463257
818,5489,4841,6148,3932,1199,1482,4341,9160,7484,4806,415,245.40000009536743
819,399,3013,8754,2870,2846,4054,7847,3448,5707,9680,460,245.70000004768372
820,9695,3625,7774,1980,9078,3009,7173,215,6200,7960,470,246.0
821,5363,8203,3494,4723,6010,7622,452,2321,5405,2405,530,246.29999995231628
822,7735,9268,9725,4026,2944,9853,6068,1440,8009,6335,940,246.59999990463257
823,4304,7705,4183,9288,6776,5814,6860,8611,3864,4601,580,246.90000009536743
824,3478,8573,9941,6404,1245,3919,7865,8348,1671,2611,600,247.20000004768372
825,9632,4557,8289,1465,364,7343,7407,930,9148,2304,633,247.5
826,2774,4751,6195,7646,512,550,2568,3961,6805,2219,670,247.79999995231628
827,1986,4232,5516,8555,5960,3016,6631,2381,6095,5396,415,248.09999990463257
828,2979,1543,6376,2564,4222,4470,4606,719,9551,6101,460,248.40000009536743
829,3247,6903,4646,790,8967,8352,7502,6131,287,7788,470,248.70000004768372
830,6713,8286,5182,659,5392,8819,4644,7429,3173,3772,530,249.0
831,1073,7299,7406,171,8542,6597,6702,9057,9211,3142,940,249.29999995231628
832,4471,1813,2426,8763,530,1628,3596,2761,9906,3862,580,249.59999990463257
833,7578,7502,7609,5426,6595,7413,2485,7391,3692,8423,600,249.90000009536743
834,3827,2472,3186,3806,3934,4347,1792,3742,2894,4880,633,250.20000004768372
835,9656,6989,7564,5674,391,7787,9268,8496,4173,1628,670,250.5
836,9096,4579,8921,1412,3909,6479,9065,2531,3307,4843,415,250.79999995231628
837,103,1909,4913,9943,7136,5868,4063,8335,4753,2703,460,251.09999990463257
838,5460,6444,2247,4630,9690,8468,9257,7239,9743,2544,470,251.40000009536743
839,1958,8876,6259,1588,9216,1448,9997,7644,9367,6900,530,251.70000004768372
840,523,6604,7940,8663,5349,3678,9050,9810,6157,1771,940,252.0
841,5051,1098,2578,6984,6006,8563,2624,8869,5282,1567,580,252.29999995231628
842,1802,9635,6968,3955,1729,2127,617,2586,5940,8922,600,252.59999990463257
843,3272,6636,3749,9931,3890,1506,8555,8740,6445,6187,633,252.90000009536743
844,1433,2267,929,8235,8156,4953,1575,8920,9024,8663,670,253.20000004768372
845,9429,2291,3014,5198,1256,1325,6303,1463,6533,2324,415,253.5
846,204,2649,6189,4378,1976,404,7797,6326,3218,4758,460,253.79999995231628
847,4593,7819,8995,4305,4906,7133,8440,5603,527,5984,470,254.09999990463257
848,9265,4233,3820,5399,2266,6256,6500,2086,7491,9157,530,254.40000009536743
849,1957,3346,7833,2559,8532,1714,5754,2489,7449,9354,940,254.70000004768372
850,7362,2126,8939,884,9375,6466,1250,8451,7943,6148,580,255.0
851,6123,7348,5366,9899,1584,7764,4423,6687,5370,9753,600,255.29999995231628
852,4786,7762,2678,2425,2872,2976,5983,2629,8995,6462,633,255.59999990463257
853,7657,1835,4114,5441,3835,9063,5104,7107,5737,7542,670,255.90000009536743
854,5877,3825,1529,1235,2976,9589,4510,8584,2859,7376,415,256.2000000476837
855,4424,7896,9204,5539,4216,3517,3138,8392,8978,1117,460,256.5
856,9086,8011,9449,8484,1368,5877,2571,3242,943,608,470,256.7999999523163
857,848,8145,9077,8245,9309,8378,2235,6968,6268,8239,530,257.09999990463257
858,3933,4842,8252,5791,1104,5461,108,7081,4948,7353,940,257.40000009536743
859,9891,2147,217,7040,8150,2939,3023,2465,8896,8865,580,257.7000000476837
860,3320,1198,974,7354,1254,825,4303,8996,2245,6444,600,258.0
861,9059,1216,6204,8019,7748,1198,5407,5233,531,8385,633,258.2999999523163
862,2843,5733,354,8611,9321,6641,4103,1802,136,3122,670,258.59999990463257
863,4348,5788,8088,4191,1108,9794,5028,384,2536,414,415,258.90000009536743
864,5453,9742,7206,7471,3372,1237,2444,7074,9433,1571,460,259.2000000476837
865,9243,362,4755,1573,7991,7017,6513,7493,5538,212,470,259.5
866,6734,7048,3205,3915,700,3694,9693,6132,7918,1215,530,259.7999999523163
867,3430,9648,8896,7274,8067,1426,5576,258,704,3724,940,260.09999990463257
868,8103,3706,8554,6591,6359,3927,3585,3539,1663,1323,580,260.40000009536743
869,327,9858,5272,1850,3099,3756,5866,8194,3355,5013,600,260.7000000476837
870,7133,5129,8454,3926,8002,9177,2986,628,7693,1589,633,261.0
871,6588,4819,3655,8293,5530,9047,8765,6416,2081,5923,670,261.2999999523163
872,1482,2802,1006,7113,370,3919,5116,6634,8008,7953,415,261.59999990463257
873,5152,3703,3855,3347,544,7762,882,9007,7110,4435,460,261.90000009536743
874,5463,3243,3447,5049,1677,3490,6465,220,5971,3701,470,262.2000000476837
875,7423,5129,5942,7262,2787,4361,7460,7889,9108,9496,530,262.5
876,5209,9992,7540,2501,1116,1044,494,2532,1390,7940,940,262.7999999523163
877,1450,5471,7031,277,5343,2005,3006,2146,8259,3889,580,263.09999990463257
878,8604,150,2296,5716,918,9378,2064,9559,2960,9503,600,263.40000009536743
879,3650,1965,5787,7529,4927,5325,1337,4677,2847,3261,633,263.7000000476837
880,1908,9522,3238,3989,7959,6759,3139,2821,8396,753,670,264.0
881,5404,6898,7546,3883,5528,1063,8092,5652,6388,5896,415,264.2999999523163
882,6599,2795,3315,859,9954,6671,2312,9633,2091,1312,460,264.59999990463257
883,6670,5129,930,8412,2252,4862,3631,2393,3277,6530,470,264.90000009536743
884,8836,7745,2770,442,4860,7595,5217,9797,8132,7495,530,265.2000000476837
885,4820,4786,4557,2270,3906,6838,5466,4112,6381,8823,940,265.5
886,8769,6992,8535,2608,9448,5722,9783,9026,6408,6221,580,265.7999999523163
887,4430,7118,1024,5535,4177,750,4171,3230,7541,3317,600,266.09999990463257
888,4218,2000,5882,7251,8411,2781,273,3555,2571,2010,633,266.40000009536743
889,2276,7614,1195,1432,3465,350,7577,1718,9941,8761,670,266.7000000476837
890,4065,7060,3788,9635,8076,9457,3385,6598,3590,8995,415,267.0
891,7301,1250,1735,4781,3832,9341,8866,7223,747,5381,460,267.2999999523163
892,3601,9035,2604,5057,8913,9385,1708,4553,5156,2392,470,267.59999990463257
893,5182,9503,6480,1017,6391,7909,4153,5772,3173,3448,530,267.90000009536743
894,2452,4668,8983,1999,9427,7232,8881,9390,2975,2221,940,268.2000000476837
895,115,8591,327,2906,5309,6958,7590,652,8744,6491,580,268.5
896,3343,543,6682,1276,7748,100,4627,2867,3142,5805,600,268.7999999523163
897,5686,5155,7161,1928,8960,5726,7074,9855,298,6512,633,269.09999990463257
898,4618,4361,7789,3108,7582,2410,3062,669,4742,9720,670,269.40000009536743
899,9309,5206,888,4234,8461,2723,2270,9231,9422,7784,415,269.7000000476837
